{
  "raccoon.project.yml": {
    "hash": "520dc711093e699dd28e929b0465a49f800803f1c0ef1d58e850e38f71cab4f0",
    "mtime": 1769425086.5332325,
    "size": 1977
  },
  "run.sh": {
    "hash": "b7507c6811c0e9f98a1db4edb495665439f059ce8f35ef8175ef209d2815e774",
    "mtime": 1769425086.5072322,
    "size": 663
  },
  "upload.sh": {
    "hash": "ff7ef8dbc6724418549c0cefe308f41963ab68bdc9e728a6444b5ec9e8eb75bb",
    "mtime": 1769425086.672233,
    "size": 763
  },
  "src/__init__.py": {
    "hash": "af3ba2dd7c35a271428e8fbd9b6abd155359f8cd853ea846298cb9c062d8dcd8",
    "mtime": 1769425086.5622325,
    "size": 619
  },
  "src/main.py": {
    "hash": "6404fcc7cef69a5b9adf3b8445584d773414296d66c2838dd0e0a13c6507ae4a",
    "mtime": 1769425086.6992333,
    "size": 823
  },
  "src/hardware/__init__.py": {
    "hash": "af3ba2dd7c35a271428e8fbd9b6abd155359f8cd853ea846298cb9c062d8dcd8",
    "mtime": 1769425086.4812322,
    "size": 619
  },
  "src/missions/__init__.py": {
    "hash": "af3ba2dd7c35a271428e8fbd9b6abd155359f8cd853ea846298cb9c062d8dcd8",
    "mtime": 1769425086.643233,
    "size": 619
  },
  "src/missions/shutdown_mission.py": {
    "hash": "077a53a8bd88f50b72e835799169962d2dac99407fd91c77309feb78306c583d",
    "mtime": 1769425086.7282336,
    "size": 758
  },
  "src/steps/__init__.py": {
    "hash": "af3ba2dd7c35a271428e8fbd9b6abd155359f8cd853ea846298cb9c062d8dcd8",
    "mtime": 1769425086.5892327,
    "size": 619
  },
  "src/steps/APIStep.py": {
    "hash": "fc9cd32748506e6836a5d4ec1f5038274aa3fd642b3d1125612a232c5da6caef",
    "mtime": 1769425086.615233,
    "size": 370
  },
  "src/missions/setup_mission.py": {
    "hash": "358ed5e8d014690571b3603372b05d3fa40bcbd0815d74396757efdaa2e55d5d",
    "mtime": 1769425086.7542336,
    "size": 886
  }
}