{
  "completed": false,
  "cost": 512.251437459514,
  "elapsed_time": 10.018929513999865,
  "final_error_deg": 2.205258742712524,
  "max_overshoot_deg": 7.120419275051232,
  "oscillation_count": 1,
  "headings_deg": [
    3.415094992117377e-06,
    3.415094992117377e-06,
    -0.0005327145593749861,
    -0.0034184084940032645,
    -0.0034184084940032645,
    0.2985942730095565,
    0.2985942730095565,
    3.700969843706436,
    3.700969843706436,
    5.968094358949246,
    8.698269207612107,
    8.698269207612107,
    11.671310747291548,
    14.056318562361241,
    15.835402726280705,
    15.835402726280705,
    17.439774559649713,
    18.913522680242355,
    20.13220894357743,
    21.20528142698669,
    22.110690890475507,
    23.142969952212386,
    24.396582376030615,
    26.093109570531972,
    26.093109570531972,
    30.08929050123971,
    32.27894536364457,
    37.02237881506922,
    39.6839835681616,
    42.41253408564403,
    45.0937217705282,
    47.47212562574931,
    49.72894970206187,
    51.82091936566622,
    51.82091936566622,
    54.01459516668364,
    58.06924173765974,
    58.06924173765974,
    58.06924173765974,
    63.45300856311669,
    65.30420704370769,
    67.40703122457148,
    69.69009143297903,
    69.69009143297903,
    69.69009143297903,
    69.69009143297903,
    79.41369550839909,
    82.05359205630312,
    84.42588038271666,
    86.64098085512406,
    88.76405535305068,
    90.73133913584905,
    92.55649868349528,
    92.55649868349528,
    95.88293810264292,
    96.70068721952696,
    97.12041927505123,
    97.11167885548682,
    96.77054894843926,
    96.2601507604398,
    96.2601507604398,
    95.94597162281941,
    95.29278628372761,
    94.51043661925459,
    94.0368059535987,
    93.92356382978281,
    93.9806134779076,
    94.20960535810498,
    94.41359546876508,
    94.40243007927914,
    94.44845908719087,
    94.68988221938531,
    94.68988221938531,
    95.83984067476727,
    96.05926905536377,
    96.1963503211978,
    96.30784915821951,
    96.30784915821951,
    96.56171666883293,
    96.56171666883293,
    96.60169246201401,
    96.591840139579,
    96.54491159909257,
    96.26021686532842,
    96.26021686532842,
    96.13837275214553,
    95.8905837687319,
    95.73618465385785,
    95.57376533512024,
    95.37386542405704,
    95.1837156609145,
    95.04835336815233,
    94.96425678360231,
    94.87068711668879,
    94.78861445825682,
    94.75552064722163,
    94.74874449248885,
    94.7476093192978,
    94.74805845078254,
    94.74805845078254,
    94.74831993660906,
    94.74136391324238,
    94.73875779449982,
    94.73423347702526,
    94.73025089224082,
    94.7256052242587,
    94.72081108819063,
    94.72081108819063,
    94.69213692004644,
    94.69213692004644,
    94.56920473393144,
    94.56920473393144,
    94.21304678008089,
    93.99205325463153,
    93.74491960461928,
    93.47826169173072,
    93.19555787413587,
    92.94128573258939,
    92.70233308192542,
    92.31022250125807,
    92.17095312551196,
    92.04632237853491,
    91.91035357776089,
    91.91035357776089,
    91.7623035958051,
    91.7623035958051,
    91.7668069418631,
    91.7668069418631,
    91.76290665697906,
    91.76111018896842,
    91.76105941035934,
    91.75922125506489,
    91.75779582008273,
    91.75022752148872,
    91.7477327177124,
    91.74408497666424,
    91.73970829077703,
    91.73970829077703,
    91.73623604845818,
    91.73074280537536,
    91.72734105801675,
    91.72734105801675,
    91.71983075098305,
    91.71773874953047,
    91.71589421972536,
    91.7141024283075,
    91.71012076556902,
    91.70709983185655,
    91.70250496342038,
    91.69692294161646,
    91.69506601584278,
    91.69506601584278,
    91.6902319296858,
    91.68474493793896,
    91.68474493793896,
    91.67548434411412,
    91.67073446666754,
    91.67073446666754,
    91.67073446666754,
    91.6660530309029,
    91.66019247629828,
    91.66019247629828,
    91.6507018255967,
    91.64705546345041,
    91.6398120180122,
    91.63719278138136,
    91.6343179649915,
    91.6343179649915,
    91.62867031866317,
    91.62907241261888,
    91.62856949865642,
    91.62811353750403,
    91.63215582304004,
    91.64029729703154,
    91.63897479598297,
    91.63767857756064,
    91.63371408468,
    91.62699367374024,
    91.6224249571093,
    91.61900451790447,
    91.61900451790447,
    91.62214404087926,
    91.6810454909878,
    91.74203618818649,
    91.80692318132165,
    91.89206593721644,
    91.97534937889597,
    92.0461822350512,
    92.14879203077635,
    92.14879203077635,
    92.23373612121273,
    92.2293013454934,
    92.22520935132623,
    92.21737961493253,
    92.20981744211736,
    92.20525874271253
  ],